{"台南市|安平區": [22.98615, 120.16822], "屏東縣|長治鄉": [22.69099, 120.55292], "高雄市|旗山區": [22.8759, 120.47441], "雲林縣|褒忠鄉": [23.71528, 120.31314], "嘉義市|東區": [23.48141, 120.47551], "花蓮縣|吉安鄉": [23.95425, 121.56263], "台南市|六甲區": [23.22804, 120.38568], "基隆市|中山區": [25.14743, 121.73235], "屏東縣|滿州鄉": [22.0577, 120.8405], "雲林縣|口湖鄉": [23.57342, 120.17007], "澎湖縣|白沙鄉": [23.74213, 119.60876], "苗栗縣|西湖鄉": [24.5343, 120.7612], "桃園縣|大溪鎮": [24.87096, 121.30084], "台北市|文山區": [24.98796, 121.57309], "苗栗縣|竹南鎮": [24.69426, 120.8678], "宜蘭縣|大同鄉": [24.54486, 121.5006], "新北市|八里區": [25.12999, 121.3932], "雲林縣|莿桐鄉": [23.76431, 120.52562], "台中市|沙鹿區": [24.23095, 120.57607], "台南市|關廟區": [22.95043, 120.33488], "新竹市|香山區": [24.76996, 120.92663], "高雄市|前鎮區(海)": [22.58667, 120.30556], "高雄市|鼓山區": [22.64378, 120.26708], "南投縣|仁愛鄉": [24.02756, 121.13111], "雲林縣|元長鄉": [23.64386, 120.31069], "台南市|大內區": [23.15057, 120.39241], "高雄市|永安區": [22.82575, 120.2302], "台中市|大甲區": [24.37774, 120.66239], "花蓮縣|豐濱鄉": [23.58945, 121.47743], "雲林縣|四湖鄉": [23.64463, 120.21161], "新竹縣|峨眉鄉": [24.67231, 121.00796], "台南市|麻豆區": [23.18145, 120.25297], "嘉義縣|新港鄉": [23.549, 120.34182], "高雄市|鹽埕區": [22.62513, 120.28365], "高雄市|前鎮區": [22.58973, 120.30816], "高雄市|燕巢區": [22.78929, 120.37164], "新北市|深坑區": [24.9975, 121.62226], "台南市|將軍區": [23.20988, 120.13017], "彰化縣|秀水鄉": [24.03416, 120.50417], "嘉義縣|義竹鄉": [23.34873, 120.2231], "台南市|西港區": [23.12063, 120.19769], "台南市|七股區": [23.11979, 120.1041], "彰化縣|員林鎮": [23.95686, 120.59638], "高雄市|小港區(海)": [22.54695, 120.33133], "彰化縣|和美鎮": [24.11889, 120.51371], "連江縣|南竿鄉": [26.15556, 119.9544], "雲林縣|大埤鄉": [23.64362, 120.42781], "台中市|清水區": [24.2958, 120.57822], "新北市|石門區": [25.25761, 121.58256], "宜蘭縣|壯圍鄉": [24.76009, 121.80345], "高雄市|大樹區": [22.71017, 120.42617], "高雄市|岡山區": [22.80385, 120.29307], "台南市|龍崎區": [22.95704, 120.39209], "高雄市|鳳山區": [22.61606, 120.35316], "彰化縣|田尾鄉": [23.89765, 120.53006], "新北市|永和區": [25.00737, 121.51721], "雲林縣|二崙鄉": [23.78736, 120.3968], "新北市|萬里區": [25.17647, 121.65469], "屏東縣|恆春鎮": [21.97968, 120.74265], "台南市|鹽水區": [23.30081, 120.24595], "宜蘭縣|員山鄉": [24.73825, 121.66574], "苗栗縣|公館鄉": [24.49803, 120.84467], "高雄市|大寮區": [22.59201, 120.40807], "新北市|土城區": [24.96601, 121.44597], "高雄市|大社區": [22.73779, 120.36278], "新竹縣|新埔鎮": [24.83681, 121.07706], "桃園縣|復興鄉": [24.71628, 121.37572], "台中市|大雅區": [24.23038, 120.64167], "台南市|白河區": [23.35057, 120.44592], "宜蘭縣|頭城鎮": [24.89798, 121.82743], "台中市|中區": [24.14118, 120.68102], "基隆市|仁愛區(海)": [25.13101, 121.7418], "台北市|南港區": [25.03845, 121.60651], "嘉義縣|大林鎮": [23.59302, 120.49105], "屏東縣|屏東市": [22.6663, 120.47352], "高雄市|阿蓮區": [22.86964, 120.3286], "台中市|西區": [24.14581, 120.66143], "台東縣|海端鄉": [23.12344, 121.03159], "桃園縣|中壢市": [24.97675, 121.21224], "新竹縣|北埔鄉": [24.67255, 121.06085], "新北市|雙溪區": [24.99849, 121.8204], "台中市|新社區": [24.17763, 120.81764], "高雄市|美濃區": [22.90585, 120.55459], "高雄市|左營區": [22.68187, 120.29697], "新北市|石碇區": [24.94958, 121.63609], "台東縣|池上鄉": [23.0929, 121.22622], "屏東縣|九如鄉": [22.73024, 120.48057], "台中市|和平區": [24.27496, 121.1332], "苗栗縣|南庄鄉": [24.56911, 121.02116], "高雄市|內門區": [22.95685, 120.47192], "屏東縣|南州鄉": [22.48095, 120.5148], "雲林縣|西螺鎮": [23.77909, 120.45013], "彰化縣|線西鄉": [24.13024, 120.44725], "台南市|東山區": [23.28093, 120.45816], "彰化縣|溪州鄉": [23.83212, 120.52198], "基隆市|七堵區": [25.10526, 121.68851], "屏東縣|霧台鄉": [22.74815, 120.80669], "高雄市|仁武區": [22.70542, 120.362], "雲林縣|麥寮鄉": [23.79011, 120.23776], "屏東縣|瑪家鄉": [22.6695, 120.68991], "新竹市|東區": [24.78769, 120.99379], "高雄市|梓官區": [22.7444, 120.25734], "澎湖縣|望安鄉": [23.37492, 119.50277], "台北市|士林區": [25.1349, 121.56756], "台中市|梧棲區": [24.24781, 120.52996], "南投縣|信義鄉": [23.64993, 121.01754], "台北市|內湖區": [25.0834, 121.59472], "彰化縣|北斗鎮": [23.86776, 120.53354], "嘉義縣|阿里山鄉": [23.44952, 120.78536], "金門縣|烈嶼鄉": [24.42898, 118.24558], "高雄市|苓雅區": [22.62381, 120.32599], "彰化縣|福興鄉": [24.02693, 120.43132], "台中市|大里區": [24.09682, 120.69373], "新北市|汐止區": [25.08383, 121.65017], "苗栗縣|後龍鎮": [24.61619, 120.79555], "台中市|后里區": [24.31825, 120.71866], "台東縣|長濱鄉": [23.3287, 121.43331], "彰化縣|二林鎮": [23.92594, 120.41334], "新竹市|北區": [24.81824, 120.95957], "花蓮縣|花蓮市": [23.99502, 121.60241], "台中市|南屯區": [24.13978, 120.61988], "新竹縣|新豐鄉": [24.90394, 120.99158], "台中市|霧峰區": [24.0454, 120.72751], "屏東縣|林邊鄉": [22.44192, 120.51208], "台南市|後壁區": [23.35939, 120.3328], "南投縣|埔里鎮": [23.97423, 120.98397], "宜蘭縣|五結鄉": [24.68057, 121.80909], "台北市|北投區": [25.15323, 121.51984], "桃園縣|觀音鄉": [25.02258, 121.09744], "屏東縣|三地門鄉": [22.78651, 120.67835], "台北市|中山區": [25.06853, 121.53022], "苗栗縣|銅鑼鄉": [24.46078, 120.79017], "連江縣|北竿鄉": [26.21387, 119.97888], "苗栗縣|苑裡鎮": [24.40883, 120.69233], "新北市|新店區": [24.92841, 121.53901], "高雄市|路竹區": [22.85895, 120.26236], "台南市|左鎮區": [23.02304, 120.40709], "桃園縣|平鎮市": [24.92174, 121.21999], "新北市|淡水區": [25.18368, 121.46392], "屏東縣|牡丹鄉": [22.15291, 120.81519], "台中市|東勢區": [24.24212, 120.85192], "台南市|佳里區": [23.16482, 120.18202], "台東縣|卑南鄉": [22.77371, 120.98987], "台北市|中正區": [25.02894, 121.51344], "屏東縣|泰武鄉": [22.59822, 120.69086], "彰化縣|溪湖鎮": [23.95225, 120.4812], "台南市|安南區": [23.04385, 120.14502], "花蓮縣|壽豐鄉": [23.8402, 121.51946], "台東縣|東河鄉": [22.98088, 121.25922], "宜蘭縣|三星鄉": [24.66881, 121.66787], "屏東縣|枋山鄉": [22.24934, 120.66105], "高雄市|旗津區(海)": [22.58605, 120.29307], "雲林縣|虎尾鎮": [23.70777, 120.42995], "台南市|山上區": [23.10458, 120.40233], "嘉義縣|布袋鎮": [23.38138, 120.19056], "屏東縣|萬丹鄉": [22.57765, 120.47657], "苗栗縣|泰安鄉": [24.40468, 121.07916], "宜蘭縣|礁溪鄉": [24.81256, 121.7395], "宜蘭縣|南澳鄉": [24.46563, 121.63002], "高雄市|甲仙區": [23.12257, 120.62865], "屏東縣|鹽埔鄉": [22.73997, 120.56426], "新北市|鶯歌區": [24.95516, 121.34771], "桃園縣|桃園市": [24.99719, 121.30203], "新竹縣|芎林鄉": [24.76886, 121.09774], "花蓮縣|萬榮鄉": [23.70688, 121.32793], "嘉義縣|東石鄉": [23.45959, 120.18235], "台南市|下營區": [23.23302, 120.25457], "屏東縣|高樹鄉": [22.80239, 120.59021], "基隆市|安樂區": [25.1438, 121.70048], "新竹縣|竹東鎮": [24.72107, 121.0864], "新北市|中和區": [24.98969, 121.50342], "桃園縣|八德市": [24.94802, 121.29763], "台東縣|金峰鄉": [22.58424, 120.85973], "台南市|善化區": [23.14051, 120.30255], "屏東縣|春日鄉": [22.40585, 120.69274], "台南市|新市區": [23.08217, 120.29219], "金門縣|金寧鄉": [24.452, 118.33346], "台東縣|鹿野鄉": [22.94898, 121.16389], "花蓮縣|新城鄉": [24.07122, 121.61187], "嘉義市|西區": [23.47471, 120.42444], "雲林縣|林內鄉": [23.7509, 120.6135], "苗栗縣|頭份鎮": [24.6691, 120.91229], "澎湖縣|湖西鄉": [23.58063, 119.65512], "嘉義縣|中埔鄉": [23.39929, 120.54989], "苗栗縣|通霄鎮": [24.48909, 120.71429], "台東縣|關山鎮": [23.05399, 121.17645], "花蓮縣|玉里鎮": [23.37878, 121.35733], "屏東縣|潮州鎮": [22.53479, 120.56312], "嘉義縣|番路鄉": [23.41903, 120.63289], "台中市|外埔區": [24.33058, 120.65746], "彰化縣|社頭鄉": [23.90568, 120.60072], "屏東縣|車城鄉": [22.07618, 120.74942], "高雄市|三民區": [23.2698, 120.70344], "台南市|永康區": [23.02912, 120.25304], "基隆市|中山區(海)": [25.14594, 121.75412], "台南市|新化區": [23.03612, 120.33152], "屏東縣|萬巒鄉": [22.58787, 120.59763], "南投縣|國姓鄉": [24.01022, 120.85041], "屏東縣|新園鄉": [22.51298, 120.44625], "彰化縣|田中鎮": [23.85708, 120.59582], "新北市|三峽區": [24.87107, 121.41534], "台南市|安平區(海)": [22.96898, 120.15916], "彰化縣|花壇鄉": [24.02903, 120.55976], "苗栗縣|頭屋鄉": [24.57149, 120.88515], "屏東縣|枋寮鄉": [22.39914, 120.59644], "彰化縣|二水鄉": [23.81375, 120.62343], "新北市|新莊區": [25.03201, 121.43895], "高雄市|小港區": [22.54736, 120.37203], "新北市|烏來區": [24.78358, 121.52019], "南投縣|南投市": [23.92196, 120.67515], "台南市|歸仁區": [22.95532, 120.29427], "台東縣|達仁鄉": [22.36923, 120.81064], "台北市|大同區": [25.06441, 121.51287], "台中市|北區": [24.15869, 120.68466], "高雄市|楠梓區": [22.72559, 120.29818], "台南市|學甲區": [23.25392, 120.1802], "雲林縣|東勢鄉": [23.69907, 120.25007], "連江縣|莒光鄉": [25.97374, 119.94107], "台東縣|太麻里鄉": [22.57936, 120.98659], "高雄市|茂林區": [22.91905, 120.75101], "雲林縣|斗南鎮": [23.67727, 120.4623], "屏東縣|里港鄉": [22.79733, 120.50423], "新北市|蘆洲區": [25.08796, 121.46914], "台東縣|台東市": [22.75195, 121.11054], "台南市|楠西區": [23.17736, 120.51353], "嘉義縣|溪口鄉": [23.59733, 120.39445], "台中市|梧棲鎮(海區": [24.26223, 120.50083], "新竹縣|五峰鄉": [24.58418, 121.13945], "高雄市|鳥松區": [22.66718, 120.3684], "台中市|太平區": [24.10476, 120.77107], "苗栗縣|獅潭鄉": [24.52288, 120.92689], "彰化縣|埔鹽鄉": [23.99306, 120.45921], "雲林縣|土庫鎮": [23.69602, 120.35472], "台中市|石岡區": [24.26269, 120.78193], "台南市|東區": [22.98062, 120.23085], "彰化縣|伸港鄉": [24.16456, 120.49227],